,prov,soum,year,var,sd,mean,m
1,Dundgovi,Adaatsag,2019,cover,5.496703539,61.19917305,0.905964922
2,Dundgovi,Adaatsag,2019,ht,0.781463684,7.18529411,0.813248795
3,Dundgovi,Adaatsag,2019,vol,3.428932197,17.71231487,0.865347393
4,Dundgovi,Bayanjar,2019,cover,3.925350928,56.86177501,0.882244554
5,Dundgovi,Bayanjar,2019,ht,0.524546012,7.144196347,0.644980937
6,Dundgovi,Bayanjar,2019,vol,2.110497916,16.28999279,0.782820509
7,Dundgovi,Delgerkh,2019,cover,1.538156391,53.63935275,0.844017058
8,Dundgovi,Delgerkh,2019,ht,0.244200181,6.982916151,0.698766005
9,Dundgovi,Delgerkh,2019,vol,0.864843434,14.9985914,0.79676377
10,Dundgovi,Delgert,2019,cover,3.904995869,59.50141411,0.86404314
11,Dundgovi,Delgert,2019,ht,0.625282577,6.939314542,0.749805844
12,Dundgovi,Delgert,2019,vol,2.472248337,16.57064118,0.80906988
13,Dundgovi,Deren,2019,cover,4.271394994,60.94440544,0.903093795
14,Dundgovi,Deren,2019,ht,0.588445219,7.092355036,0.774272679
15,Dundgovi,Deren,2019,vol,2.519800398,17.351729,0.852228817
16,Dundgovi,Erdened,2019,cover,4.485086302,57.80942482,0.906849916
17,Dundgovi,Erdened,2019,ht,0.486412128,7.080364359,0.760351808
18,Dundgovi,Erdened,2019,vol,2.267941249,16.42253561,0.842490034
19,Dundgovi,Govi_Ugt,2019,cover,4.600929549,60.94283854,0.892960987
20,Dundgovi,Govi_Ugt,2019,ht,0.722361709,7.1903078,0.737174191
21,Dundgovi,Govi_Ugt,2019,vol,2.971189562,17.60329118,0.810444244
22,Dundgovi,Gurvansai,2019,cover,1.652448791,53.71590074,0.844201664
23,Dundgovi,Gurvansai,2019,ht,0.268587709,6.818280865,0.602175388
24,Dundgovi,Gurvansai,2019,vol,0.936465159,14.65906125,0.733391176
25,Dundgovi,Khuld,2019,cover,1.745223222,53.5202444,0.882343035
26,Dundgovi,Khuld,2019,ht,0.272611407,6.847381251,0.767946483
27,Dundgovi,Khuld,2019,vol,0.971759643,14.67136489,0.853327856
28,Dundgovi,Luus,2019,cover,2.18337277,54.08726543,0.808324127
29,Dundgovi,Luus,2019,ht,0.322057081,6.859469136,0.623050956
30,Dundgovi,Luus,2019,vol,1.193440475,14.85410261,0.741893953
31,Dundgovi,Ulziit,2019,cover,1.117933521,53.15097341,0.827677845
32,Dundgovi,Ulziit,2019,ht,0.234917852,6.789359423,0.765071913
33,Dundgovi,Ulziit,2019,vol,0.761588488,14.44117005,0.813491432
34,Dundgovi,Undurshil,2019,cover,1.775776291,54.30769948,0.822890744
35,Dundgovi,Undurshil,2019,ht,0.299801132,7.098657288,0.62340243
36,Dundgovi,Undurshil,2019,vol,1.083041834,15.43749237,0.741092167
37,Dundgovi,Saikhan_O,2019,cover,2.314916396,54.5684859,0.835994239
38,Dundgovi,Saikhan_O,2019,ht,0.338685533,6.891582169,0.621259769
39,Dundgovi,Saikhan_O,2019,vol,1.242135846,15.05257227,0.707379019
40,Dundgovi,Saintsag,2019,cover,2.533421101,54.90538836,0.845360337
41,Dundgovi,Saintsag,2019,ht,0.356238876,6.917097867,0.616379145
42,Dundgovi,Saintsag,2019,vol,1.343076718,15.2084702,0.753462333
43,Dundgovi,Tsagaan,2019,cover,5.180331537,63.07075092,0.901029305
44,Dundgovi,Tsagaan,2019,ht,0.906453382,7.411145282,0.813322497
45,Dundgovi,Tsagaan,2019,vol,3.794851533,18.83151351,0.8614008
46,Govisümber,Bayantal,2019,cover,3.249706049,71.95680672,0.851990097
47,Govisümber,Bayantal,2019,ht,1.009624107,9.026335418,0.846700946
48,Govisümber,Bayantal,2019,vol,4.05290229,26.09118895,0.848340733
49,Govisümber,Shiveegovi,2019,cover,3.929192239,58.84554828,0.870983837
50,Govisümber,Shiveegovi,2019,ht,0.388618505,7.308885648,0.646479482
51,Govisümber,Shiveegovi,2019,vol,1.787763249,17.22439488,0.790052162
52,Govisümber,SumberG,2019,cover,6.961807627,67.2243555,0.952669646
53,Govisümber,SumberG,2019,ht,1.349556988,8.405340198,0.889089217
54,Govisümber,SumberG,2019,vol,5.823001613,22.90221527,0.918887334
55,Töv,Altanbulag,2019,cover,4.028021248,73.15168475,0.801689215
56,Töv,Altanbulag,2019,ht,1.228038002,9.621275059,0.753904021
57,Töv,Altanbulag,2019,vol,4.991547621,28.28474387,0.763936582
58,Töv,Argalant,2019,cover,3.473804782,73.76596414,0.754901624
59,Töv,Argalant,2019,ht,1.035398617,9.884458278,0.713687587
60,Töv,Argalant,2019,vol,4.296252591,29.20450412,0.720058342
61,Töv,Arkhust,2019,cover,2.68115837,72.10072167,0.819337902
62,Töv,Arkhust,2019,ht,0.808702853,9.733510193,0.75783301
63,Töv,Arkhust,2019,vol,3.080527007,28.09393106,0.780506665
64,Töv,Batsumber,2019,cover,4.475959155,78.3340111,0.856553224
65,Töv,Batsumber,2019,ht,1.439987598,11.46892517,0.802217705
66,Töv,Batsumber,2019,vol,6.46995321,36.00334763,0.811040935
67,Töv,Bayan,2019,cover,3.941548609,70.15081236,0.859985953
68,Töv,Bayan,2019,ht,1.137116324,8.726590627,0.809566783
69,Töv,Bayan,2019,vol,4.426871031,24.6356102,0.833009539
70,Töv,Bay_Unj,2019,cover,6.138445336,67.19759757,0.926235284
71,Töv,Bay_Unj,2019,ht,1.314045264,8.256103545,0.880746262
72,Töv,Bay_Unj,2019,vol,5.515300776,22.47626463,0.899601104
73,Töv,Bayanch,2019,cover,3.460234239,75.48394853,0.778697431
74,Töv,Bayanch,2019,ht,0.984269913,10.48185681,0.719038285
75,Töv,Bayanch,2019,vol,4.349289606,31.62980025,0.734752396
76,Töv,Bayand,2019,cover,3.315380143,72.77146702,0.820060788
77,Töv,Bayand,2019,ht,1.002542121,9.965020753,0.775290805
78,Töv,Bayand,2019,vol,4.048778126,29.0546553,0.78420819
79,Töv,Bayanj,2019,cover,3.677363774,71.94606824,0.886077284
80,Töv,Bayanj,2019,ht,1.087410828,9.238624148,0.843520469
81,Töv,Bayanj,2019,vol,4.350955748,26.72127809,0.86721093
82,Töv,Bayankh,2019,cover,3.61273721,72.27553358,0.810041972
83,Töv,Bayankh,2019,ht,1.110405481,9.553395973,0.774831058
84,Töv,Bayankh,2019,vol,4.4074225,27.63825137,0.784905298
85,Töv,Bayant,2019,cover,4.883129063,66.75984796,0.905412695
86,Töv,Bayant,2019,ht,1.131895347,7.954071773,0.860479808
87,Töv,Bayant,2019,vol,4.555949149,21.42425451,0.876574358
88,Töv,Bayantsogt,2019,cover,3.901417477,73.65093789,0.818228106
89,Töv,Bayantsogt,2019,ht,1.13409562,9.956356807,0.75851531
90,Töv,Bayantsogt,2019,vol,4.739522571,29.39592756,0.772543189
91,Töv,Bornuur,2019,cover,4.260103201,75.88913348,0.851656478
92,Töv,Bornuur,2019,ht,1.149348531,10.87174325,0.74988927
93,Töv,Bornuur,2019,vol,5.246580448,33.00492505,0.775506994
94,Töv,Buren,2019,cover,5.372539105,70.34211792,0.884345903
95,Töv,Buren,2019,ht,1.463598502,8.839145892,0.853377929
96,Töv,Buren,2019,vol,5.97522469,25.14480148,0.862066617
97,Töv,Delger,2019,cover,5.333729756,65.94758712,0.873751442
98,Töv,Delger,2019,ht,1.064156644,7.771875976,0.811595714
99,Töv,Delger,2019,vol,4.43697942,20.68340724,0.834145918
100,Töv,Erdene,2019,cover,5.054958653,74.87980019,0.757676746
101,Töv,Erdene,2019,ht,1.468042144,10.45486345,0.707002591
102,Töv,Erdene,2019,vol,6.325257282,31.46894741,0.712159065
103,Töv,Erdenesant,2019,cover,4.034272913,72.68475727,0.840461056
104,Töv,Erdenesant,2019,ht,1.188292059,9.659469764,0.791258284
105,Töv,Erdenesant,2019,vol,4.791652499,28.20904121,0.806053735
106,Töv,Jargalant,2019,cover,3.675419298,75.82848049,0.814481864
107,Töv,Jargalant,2019,ht,1.067532738,10.60992477,0.737329645
108,Töv,Jargalant,2019,vol,4.70903423,32.14585126,0.750601421
109,Töv,Lun,2019,cover,4.480369485,71.91694164,0.855452174
110,Töv,Lun,2019,ht,1.393540915,9.534448017,0.832205222
111,Töv,Lun,2019,vol,5.527019203,27.53981268,0.833064076
112,Töv,Mungunmor,2019,cover,5.304356339,77.66755922,0.814247949
113,Töv,Mungunmor,2019,ht,1.603563588,11.22972234,0.752747059
114,Töv,Mungunmor,2019,vol,7.217053282,35.08288028,0.758864501
115,Töv,Undursh,2019,cover,4.163227436,71.99918633,0.83414709
116,Töv,Undursh,2019,ht,1.29967421,9.440175037,0.797612114
117,Töv,Undursh,2019,vol,5.116614036,27.33081247,0.804410485
118,Töv,Sergelen,2019,cover,3.94085414,73.63738796,0.827128257
119,Töv,Sergelen,2019,ht,1.17313793,9.750726048,0.771061419
120,Töv,Sergelen,2019,vol,4.844325,28.83006627,0.784798295
121,Töv,Sumber,2019,cover,4.258472064,74.8759579,0.840807689
122,Töv,Sumber,2019,ht,1.162065066,10.49503806,0.734103011
123,Töv,Sumber,2019,vol,5.182950487,31.46231003,0.76354414
124,Töv,Tseel,2019,cover,3.718656242,74.71694365,0.849633333
125,Töv,Tseel,2019,ht,1.011823415,10.3599055,0.763971142
126,Töv,Tseel,2019,vol,4.366140611,31.01627393,0.78833274
127,Töv,Ugtaalts,2019,cover,4.353894546,73.57077219,0.866322227
128,Töv,Ugtaalts,2019,ht,1.283502156,10.00414196,0.821050019
129,Töv,Ugtaalts,2019,vol,5.331415518,29.52682598,0.829619507
130,Töv,Zaamar,2019,cover,5.168247992,70.47499898,0.848158524
131,Töv,Zaamar,2019,ht,1.520930864,9.318171911,0.818611823
132,Töv,Zaamar,2019,vol,5.963106488,26.45278919,0.821087013
133,Dundgovi,Adaatsag,2020,cover,4.591417979,57.04259493,0.92159296
134,Dundgovi,Adaatsag,2020,ht,0.512629553,6.936168402,0.755899631
135,Dundgovi,Adaatsag,2020,vol,2.318783276,15.88121682,0.867107041
136,Dundgovi,Bayanjar,2020,cover,4.763580043,59.44378836,0.846631651
137,Dundgovi,Bayanjar,2020,ht,0.576218713,7.052827274,0.743477661
138,Dundgovi,Bayanjar,2020,vol,2.62997804,16.84259475,0.797029474
139,Dundgovi,Delgerkh,2020,cover,0.717648131,53.00362606,0.844950286
140,Dundgovi,Delgerkh,2020,ht,0.172016945,6.906476722,0.637108572
141,Dundgovi,Delgerkh,2020,vol,0.485649596,14.66019668,0.742126559
142,Dundgovi,Delgert,2020,cover,3.425014927,55.56687712,0.903242144
143,Dundgovi,Delgert,2020,ht,0.405562535,6.950512303,0.670122803
144,Dundgovi,Delgert,2020,vol,1.696917005,15.47600821,0.816469381
145,Dundgovi,Deren,2020,cover,3.664721621,56.85229245,0.903676123
146,Dundgovi,Deren,2020,ht,0.447750291,6.931944437,0.730776385
147,Dundgovi,Deren,2020,vol,1.739050204,15.7886535,0.822499514
148,Dundgovi,Erdened,2020,cover,2.642546495,54.4535231,0.903716917
149,Dundgovi,Erdened,2020,ht,0.315820494,6.963414573,0.639921664
150,Dundgovi,Erdened,2020,vol,1.235309165,15.18266405,0.793892976
151,Dundgovi,Govi_Ugt,2020,cover,4.902416725,59.27164887,0.906606605
152,Dundgovi,Govi_Ugt,2020,ht,0.614098876,7.230677146,0.74500098
153,Dundgovi,Govi_Ugt,2020,vol,2.695202783,17.20940209,0.834410527
154,Dundgovi,Gurvansai,2020,cover,3.08199375,55.38744112,0.861711822
155,Dundgovi,Gurvansai,2020,ht,0.340699096,6.95348262,0.720692566
156,Dundgovi,Gurvansai,2020,vol,1.331929601,15.421586,0.810471291
157,Dundgovi,Khuld,2020,cover,0.762498724,53.01805063,0.827665298
158,Dundgovi,Khuld,2020,ht,0.1934099,6.871765939,0.676689759
159,Dundgovi,Khuld,2020,vol,0.520107648,14.58533493,0.732503821
160,Dundgovi,Luus,2020,cover,2.402525418,53.99384391,0.823070256
161,Dundgovi,Luus,2020,ht,0.30191355,6.859825443,0.644264124
162,Dundgovi,Luus,2020,vol,1.148102925,14.83021864,0.75515742
163,Dundgovi,Ulziit,2020,cover,2.329043118,54.15708531,0.891208335
164,Dundgovi,Ulziit,2020,ht,0.296890391,6.861511485,0.790806604
165,Dundgovi,Ulziit,2020,vol,1.104203564,14.87247923,0.87113542
166,Dundgovi,Undurshil,2020,cover,3.335362776,56.21015347,0.873040689
167,Dundgovi,Undurshil,2020,ht,0.331434203,6.924824286,0.755560471
168,Dundgovi,Undurshil,2020,vol,1.293804851,15.57879088,0.803121781
169,Dundgovi,Saikhan_O,2020,cover,1.93739364,53.53565798,0.83184929
170,Dundgovi,Saikhan_O,2020,ht,0.268034341,6.989171685,0.609558702
171,Dundgovi,Saikhan_O,2020,vol,1.134858322,14.99834116,0.705250868
172,Dundgovi,Saintsag,2020,cover,3.210384977,55.35882528,0.853680255
173,Dundgovi,Saintsag,2020,ht,0.353632048,6.926413441,0.669789463
174,Dundgovi,Saintsag,2020,vol,1.433393359,15.35590954,0.784303997
175,Dundgovi,Tsagaan,2020,cover,4.810749287,61.23020877,0.879099592
176,Dundgovi,Tsagaan,2020,ht,0.673538187,7.290060727,0.831904916
177,Dundgovi,Tsagaan,2020,vol,3.093738091,17.97002863,0.859116574
178,Govisümber,Bayantal,2020,cover,4.190006542,69.91215517,0.891160293
179,Govisümber,Bayantal,2020,ht,1.06297163,8.572728265,0.883730627
180,Govisümber,Bayantal,2020,vol,4.496033406,24.14250901,0.885244276
181,Govisümber,Shiveegovi,2020,cover,4.694806141,60.30238595,0.845549505
182,Govisümber,Shiveegovi,2020,ht,0.653546193,7.296827652,0.726966622
183,Govisümber,Shiveegovi,2020,vol,2.842902216,17.67518359,0.787034528
184,Govisümber,SumberG,2020,cover,6.913221785,68.1295737,0.936511404
185,Govisümber,SumberG,2020,ht,1.322081501,8.510206551,0.897205249
186,Govisümber,SumberG,2020,vol,5.901607236,23.52256877,0.911600932
187,Töv,Altanbulag,2020,cover,5.348832556,69.32439141,0.889245364
188,Töv,Altanbulag,2020,ht,1.212790102,8.457110252,0.85197448
189,Töv,Altanbulag,2020,vol,5.093480753,23.67910622,0.862837845
190,Töv,Argalant,2020,cover,5.311134489,69.28287098,0.895554322
191,Töv,Argalant,2020,ht,1.294889958,8.417371969,0.871776018
192,Töv,Argalant,2020,vol,5.426947511,23.56907113,0.876384698
193,Töv,Arkhust,2020,cover,2.968063276,75.50189962,0.79950054
194,Töv,Arkhust,2020,ht,0.873300367,10.14415489,0.776503157
195,Töv,Arkhust,2020,vol,3.736873554,30.66429814,0.780167498
196,Töv,Batsumber,2020,cover,4.192957379,76.54437694,0.845503476
197,Töv,Batsumber,2020,ht,1.28621307,10.53248196,0.781106062
198,Töv,Batsumber,2020,vol,5.656736526,32.28457147,0.793206088
199,Töv,Bayan,2020,cover,4.610979069,72.54710206,0.866180886
200,Töv,Bayan,2020,ht,1.106246927,9.243539016,0.828239781
201,Töv,Bayan,2020,vol,4.810973027,26.98595725,0.835250241
202,Töv,Bay_Unj,2020,cover,5.634317463,62.77043218,0.915885603
203,Töv,Bay_Unj,2020,ht,0.887826012,7.351846993,0.829502041
204,Töv,Bay_Unj,2020,vol,3.888178926,18.60692708,0.868095954
205,Töv,Bayanch,2020,cover,4.194663234,75.93709305,0.836922138
206,Töv,Bayanch,2020,ht,1.263935272,10.21773325,0.786940177
207,Töv,Bayanch,2020,vol,5.461057831,31.08267783,0.791646588
208,Töv,Bayand,2020,cover,3.109424597,75.69113114,0.788350651
209,Töv,Bayand,2020,ht,0.87170256,10.1512994,0.729392418
210,Töv,Bayand,2020,vol,3.766589485,30.75488034,0.737699031
211,Töv,Bayanj,2020,cover,3.267446546,75.11739494,0.842842246
212,Töv,Bayanj,2020,ht,0.899397554,9.842148231,0.805897956
213,Töv,Bayanj,2020,vol,3.921262549,29.65739928,0.817768158
214,Töv,Bayankh,2020,cover,4.616580224,67.54131899,0.882867672
215,Töv,Bayankh,2020,ht,1.087006515,8.002552513,0.856392999
216,Töv,Bayankh,2020,vol,4.447168195,21.78027211,0.867510005
217,Töv,Bayant,2020,cover,5.703952,62.61902567,0.918086775
218,Töv,Bayant,2020,ht,0.930396036,7.36787656,0.872083257
219,Töv,Bayant,2020,vol,4.11756081,18.64459289,0.89092196
220,Töv,Bayantsogt,2020,cover,5.052580227,70.85628202,0.877484726
221,Töv,Bayantsogt,2020,ht,1.297222507,8.824290458,0.841834286
222,Töv,Bayantsogt,2020,vol,5.462369185,25.18581774,0.844986817
223,Töv,Bornuur,2020,cover,4.568730159,75.09285525,0.852524735
224,Töv,Bornuur,2020,ht,1.349083604,10.09536659,0.813717881
225,Töv,Bornuur,2020,vol,5.821564333,30.36736046,0.815350646
226,Töv,Buren,2020,cover,4.968567869,59.79368022,0.899754754
227,Töv,Buren,2020,ht,0.707658109,7.139034643,0.776505267
228,Töv,Buren,2020,vol,3.045594919,17.16517099,0.840013415
229,Töv,Delger,2020,cover,4.615129645,58.40623692,0.887371222
230,Töv,Delger,2020,ht,0.550628004,7.079794244,0.680985473
231,Töv,Delger,2020,vol,2.370176913,16.58487466,0.789290437
232,Töv,Erdene,2020,cover,4.72164499,75.76165594,0.741007987
233,Töv,Erdene,2020,ht,1.368963721,10.22599901,0.682706201
234,Töv,Erdene,2020,vol,5.898476063,31.08440661,0.6882394
235,Töv,Erdenesant,2020,cover,5.092453586,67.84516283,0.898986571
236,Töv,Erdenesant,2020,ht,1.224346118,8.107889263,0.86984562
237,Töv,Erdenesant,2020,vol,5.06852651,22.21148382,0.879751278
238,Töv,Jargalant,2020,cover,4.587699021,74.63817042,0.887610838
239,Töv,Jargalant,2020,ht,1.348044598,9.95532719,0.853086298
240,Töv,Jargalant,2020,vol,5.811619331,29.79182146,0.853505381
241,Töv,Lun,2020,cover,5.349962885,64.69437527,0.925102697
242,Töv,Lun,2020,ht,1.046510833,7.612744645,0.871105745
243,Töv,Lun,2020,vol,4.413808702,19.8617759,0.892855564
244,Töv,Mungunmor,2020,cover,4.196246338,77.45251947,0.755209123
245,Töv,Mungunmor,2020,ht,1.314001716,10.50458163,0.702920362
246,Töv,Mungunmor,2020,vol,5.589317128,32.54494807,0.699505639
247,Töv,Undursh,2020,cover,5.525571422,62.15402931,0.907662653
248,Töv,Undursh,2020,ht,0.888953767,7.383484489,0.790217419
249,Töv,Undursh,2020,vol,3.858579862,18.48561894,0.835663444
250,Töv,Sergelen,2020,cover,4.59568179,72.28053287,0.876332742
251,Töv,Sergelen,2020,ht,1.115815718,9.093845863,0.845001416
252,Töv,Sergelen,2020,vol,4.773347768,26.45848776,0.853216587
253,Töv,Sumber,2020,cover,4.417672738,73.29203342,0.889840914
254,Töv,Sumber,2020,ht,1.250473298,9.570175046,0.862485137
255,Töv,Sumber,2020,vol,5.375600913,28.14231613,0.871519626
256,Töv,Tseel,2020,cover,4.443606818,73.58328187,0.89667565
257,Töv,Tseel,2020,ht,1.229584534,9.642997667,0.869530717
258,Töv,Tseel,2020,vol,5.318809653,28.54837728,0.874046614
259,Töv,Ugtaalts,2020,cover,5.100555526,68.1512893,0.913040656
260,Töv,Ugtaalts,2020,ht,1.253711828,8.24813317,0.891001147
261,Töv,Ugtaalts,2020,vol,5.114256134,22.66533437,0.897252195
262,Töv,Zaamar,2020,cover,6.240253776,68.60674088,0.895687325
263,Töv,Zaamar,2020,ht,1.416269831,8.489833629,0.86755348
264,Töv,Zaamar,2020,vol,5.943307182,23.5792074,0.875050749
265,Dundgovi,Adaatsag,2021,cover,4.92053872,59.36943129,0.867696019
266,Dundgovi,Adaatsag,2021,ht,0.676892837,6.99409672,0.76050171
267,Dundgovi,Adaatsag,2021,vol,2.883343707,16.68749301,0.816272366
268,Dundgovi,Bayanjar,2021,cover,2.306094503,54.6328327,0.873892957
269,Dundgovi,Bayanjar,2021,ht,0.313022213,6.983694651,0.643511197
270,Dundgovi,Bayanjar,2021,vol,1.256654842,15.2774931,0.776197795
271,Dundgovi,Delgerkh,2021,cover,3.557548626,55.00624351,0.904887516
272,Dundgovi,Delgerkh,2021,ht,0.35187009,6.674347115,0.811939469
273,Dundgovi,Delgerkh,2021,vol,1.39805239,14.69838802,0.848991748
274,Dundgovi,Delgert,2021,cover,5.130633417,58.63111712,0.897938662
275,Dundgovi,Delgert,2021,ht,0.634211904,6.949383897,0.786801252
276,Dundgovi,Delgert,2021,vol,2.837238026,16.37516931,0.844646239
277,Dundgovi,Deren,2021,cover,3.50153832,56.36356224,0.8857149
278,Dundgovi,Deren,2021,ht,0.457276021,7.027422781,0.71312055
279,Dundgovi,Deren,2021,vol,1.78160701,15.87170256,0.810827954
280,Dundgovi,Erdened,2021,cover,5.3608786,59.37520457,0.876149518
281,Dundgovi,Erdened,2021,ht,0.745010778,6.85198032,0.794843954
282,Dundgovi,Erdened,2021,vol,3.279136383,16.38437274,0.828627143
283,Dundgovi,Govi_Ugt,2021,cover,3.360931881,56.68767687,0.871866877
284,Dundgovi,Govi_Ugt,2021,ht,0.426800249,6.993004104,0.651950169
285,Dundgovi,Govi_Ugt,2021,vol,1.699821577,15.87503168,0.762364477
286,Dundgovi,Gurvansai,2021,cover,1.182904755,53.50513185,0.860855155
287,Dundgovi,Gurvansai,2021,ht,0.251738661,6.856229563,0.738840822
288,Dundgovi,Gurvansai,2021,vol,0.790049749,14.68414995,0.808352962
289,Dundgovi,Khuld,2021,cover,2.796105102,54.36845557,0.888046353
290,Dundgovi,Khuld,2021,ht,0.315322562,6.701115258,0.850448826
291,Dundgovi,Khuld,2021,vol,1.016689701,14.57247177,0.832233209
292,Dundgovi,Luus,2021,cover,3.271364484,55.19831776,0.820323645
293,Dundgovi,Luus,2021,ht,0.402142343,6.74777553,0.755126616
294,Dundgovi,Luus,2021,vol,1.600753413,14.92455714,0.805019757
295,Dundgovi,Ulziit,2021,cover,1.993654216,53.74857912,0.932199885
296,Dundgovi,Ulziit,2021,ht,0.277761553,6.883152488,0.814668167
297,Dundgovi,Ulziit,2021,vol,1.015329937,14.81238402,0.894088489
298,Dundgovi,Undurshil,2021,cover,1.118520225,53.67626355,0.873291787
299,Dundgovi,Undurshil,2021,ht,0.296848093,7.018377663,0.797467012
300,Dundgovi,Undurshil,2021,vol,0.877334501,15.08578684,0.840025278
301,Dundgovi,Saikhan_O,2021,cover,4.869789973,59.84296268,0.855821269
302,Dundgovi,Saikhan_O,2021,ht,0.497809753,6.640691771,0.767925768
303,Dundgovi,Saikhan_O,2021,vol,2.356703167,15.95685491,0.806767905
304,Dundgovi,Saintsag,2021,cover,2.737572967,54.44699189,0.855038874
305,Dundgovi,Saintsag,2021,ht,0.39622479,6.83909288,0.714775803
306,Dundgovi,Saintsag,2021,vol,1.509573198,14.91973143,0.802452559
307,Dundgovi,Tsagaan,2021,cover,4.623762801,60.43055131,0.865511906
308,Dundgovi,Tsagaan,2021,ht,0.75910395,7.209330798,0.709117172
309,Dundgovi,Tsagaan,2021,vol,3.04318371,17.49272635,0.772400126
310,Govisümber,Bayantal,2021,cover,3.018415789,65.61433377,0.850603316
311,Govisümber,Bayantal,2021,ht,0.81416785,7.476086551,0.777728201
312,Govisümber,Bayantal,2021,vol,2.975339492,19.6792615,0.802645722
313,Govisümber,Shiveegovi,2021,cover,3.21585058,56.83804745,0.839161305
314,Govisümber,Shiveegovi,2021,ht,0.46902359,7.174143273,0.647075201
315,Govisümber,Shiveegovi,2021,vol,1.887437769,16.3340613,0.743588114
316,Govisümber,SumberG,2021,cover,5.956714254,64.58654259,0.929974788
317,Govisümber,SumberG,2021,ht,1.09741754,7.905035374,0.896861806
318,Govisümber,SumberG,2021,vol,4.601780302,20.649816,0.915697316
319,Töv,Altanbulag,2021,cover,4.598680282,69.77019539,0.872601954
320,Töv,Altanbulag,2021,ht,1.372995193,8.991829871,0.829988364
321,Töv,Altanbulag,2021,vol,5.301012255,25.2604012,0.837579021
322,Töv,Argalant,2021,cover,4.225863289,72.99111713,0.846520064
323,Töv,Argalant,2021,ht,1.218577992,9.839689045,0.795091841
324,Töv,Argalant,2021,vol,5.084517694,28.90815345,0.808686207
325,Töv,Arkhust,2021,cover,3.074646851,70.79308193,0.898975474
326,Töv,Arkhust,2021,ht,1.135041014,9.57182658,0.847472315
327,Töv,Arkhust,2021,vol,4.174843369,27.31532838,0.859761583
328,Töv,Batsumber,2021,cover,4.495021186,78.16799985,0.822957762
329,Töv,Batsumber,2021,ht,1.350363296,11.22157621,0.721302984
330,Töv,Batsumber,2021,vol,6.076320763,35.17470557,0.745348244
331,Töv,Bayan,2021,cover,3.780729488,66.57663365,0.870296374
332,Töv,Bayan,2021,ht,1.153175796,7.903982822,0.798427503
333,Töv,Bayan,2021,vol,4.121729647,21.12835305,0.819856582
334,Töv,Bay_Unj,2021,cover,5.029471551,66.03920308,0.891472825
335,Töv,Bay_Unj,2021,ht,1.216255544,7.843732859,0.814199317
336,Töv,Bay_Unj,2021,vol,4.683837293,20.87567921,0.837886793
337,Töv,Bayanch,2021,cover,5.341447677,75.09777551,0.902939915
338,Töv,Bayanch,2021,ht,1.532332885,10.34452223,0.877926481
339,Töv,Bayanch,2021,vol,6.71064028,31.30752499,0.873172753
340,Töv,Bayand,2021,cover,3.794086941,72.50121575,0.843545555
341,Töv,Bayand,2021,ht,1.075830527,10.05721085,0.783842874
342,Töv,Bayand,2021,vol,4.513725184,29.31485155,0.794335116
343,Töv,Bayanj,2021,cover,2.960128832,69.7592786,0.889055961
344,Töv,Bayanj,2021,ht,1.152410329,9.085010811,0.874352901
345,Töv,Bayanj,2021,vol,4.106255271,25.47455519,0.882534055
346,Töv,Bayankh,2021,cover,4.595947608,71.00611543,0.871410049
347,Töv,Bayankh,2021,ht,1.448031236,9.41663931,0.859680845
348,Töv,Bayankh,2021,vol,5.689982094,26.9654973,0.858671672
349,Töv,Bayant,2021,cover,5.012270701,61.34322431,0.885159922
350,Töv,Bayant,2021,ht,0.742147282,7.229776035,0.735211181
351,Töv,Bayant,2021,vol,3.161824273,17.83093961,0.805120919
352,Töv,Bayantsogt,2021,cover,4.710524821,70.3113988,0.910450425
353,Töv,Bayantsogt,2021,ht,1.430575895,8.971643796,0.867017262
354,Töv,Bayantsogt,2021,vol,5.756227001,25.51165072,0.876796767
355,Töv,Bornuur,2021,cover,5.534611251,78.06266591,0.88931813
356,Töv,Bornuur,2021,ht,1.570537632,11.24945002,0.795482472
357,Töv,Bornuur,2021,vol,7.081728994,35.33156566,0.812300413
358,Töv,Buren,2021,cover,5.608167207,66.32063101,0.901492129
359,Töv,Buren,2021,ht,1.371954942,8.022282199,0.828169247
360,Töv,Buren,2021,vol,5.421134529,21.50793948,0.848261126
361,Töv,Delger,2021,cover,5.369478464,67.3258223,0.851860104
362,Töv,Delger,2021,ht,1.393015458,8.025444048,0.781051875
363,Töv,Delger,2021,vol,5.438379312,21.82217778,0.794373288
364,Töv,Erdene,2021,cover,5.872172879,73.48849842,0.793026722
365,Töv,Erdene,2021,ht,1.704986295,9.994045058,0.770133979
366,Töv,Erdene,2021,vol,7.278082237,29.6747958,0.762499527
367,Töv,Erdenesant,2021,cover,4.573189916,72.22956601,0.842627454
368,Töv,Erdenesant,2021,ht,1.44863699,9.74726284,0.848542312
369,Töv,Erdenesant,2021,vol,5.834041548,28.35037663,0.834205113
370,Töv,Jargalant,2021,cover,4.227945869,78.624492,0.864778716
371,Töv,Jargalant,2021,ht,1.44422623,11.2518655,0.807589723
372,Töv,Jargalant,2021,vol,6.339192229,35.45121943,0.810624649
373,Töv,Lun,2021,cover,4.60936106,71.79582721,0.813231169
374,Töv,Lun,2021,ht,1.423418195,9.633671569,0.799614843
375,Töv,Lun,2021,vol,5.673803122,27.87479469,0.788440264
376,Töv,Mungunmor,2021,cover,5.124670308,76.43171106,0.78109934
377,Töv,Mungunmor,2021,ht,1.454372896,10.63276019,0.701941158
378,Töv,Mungunmor,2021,vol,6.429235784,32.57958965,0.709659566
379,Töv,Undursh,2021,cover,5.310342706,68.90234732,0.862511329
380,Töv,Undursh,2021,ht,1.58666076,8.77265764,0.827413516
381,Töv,Undursh,2021,vol,6.133918457,24.42189744,0.82542451
382,Töv,Sergelen,2021,cover,4.305844116,68.49001942,0.884000846
383,Töv,Sergelen,2021,ht,1.326960789,8.402016286,0.857680257
384,Töv,Sergelen,2021,vol,4.993287754,23.16679942,0.866627037
385,Töv,Sumber,2021,cover,4.192052744,78.36559792,0.837269832
386,Töv,Sumber,2021,ht,1.399536494,11.18073656,0.789790582
387,Töv,Sumber,2021,vol,6.127477155,35.1389889,0.790608895
388,Töv,Tseel,2021,cover,4.110394665,78.07032958,0.885644457
389,Töv,Tseel,2021,ht,1.276567658,11.074362,0.819033968
390,Töv,Tseel,2021,vol,5.628665001,34.64592729,0.827025026
391,Töv,Ugtaalts,2021,cover,4.402545432,73.98641772,0.825630946
392,Töv,Ugtaalts,2021,ht,1.299531581,10.19342777,0.784815605
393,Töv,Ugtaalts,2021,vol,5.560962046,30.32928206,0.790107609
394,Töv,Zaamar,2021,cover,5.028198751,74.72191306,0.809003503
395,Töv,Zaamar,2021,ht,1.43139543,10.27920856,0.750400973
396,Töv,Zaamar,2021,vol,6.132265459,30.85550911,0.756274212
397,Dundgovi,Adaatsag,2022,cover,5.961692304,63.67163256,0.859258993
398,Dundgovi,Adaatsag,2022,ht,1.127391959,7.521345056,0.82394471
399,Dundgovi,Adaatsag,2022,vol,4.75303366,19.36836936,0.831362482
400,Dundgovi,Bayanjar,2022,cover,4.432640109,56.86781306,0.874554621
401,Dundgovi,Bayanjar,2022,ht,0.563944593,7.072922755,0.713863055
402,Dundgovi,Bayanjar,2022,vol,2.530825819,16.1575124,0.802587258
403,Dundgovi,Delgerkh,2022,cover,0.79236178,53.05664007,0.815575209
404,Dundgovi,Delgerkh,2022,ht,0.191205888,6.921865056,0.670340133
405,Dundgovi,Delgerkh,2022,vol,0.559041204,14.7090678,0.74721466
406,Dundgovi,Delgert,2022,cover,4.723119503,65.6571224,0.807747569
407,Dundgovi,Delgert,2022,ht,1.051329516,7.754074777,0.772293745
408,Dundgovi,Delgert,2022,vol,4.283176865,20.52069026,0.780418825
409,Dundgovi,Deren,2022,cover,4.668717034,66.82430715,0.840224811
410,Dundgovi,Deren,2022,ht,1.152387034,8.034785406,0.813461435
411,Dundgovi,Deren,2022,vol,4.486192539,21.63759149,0.827475762
412,Dundgovi,Erdened,2022,cover,4.956422557,56.95498094,0.891733917
413,Dundgovi,Erdened,2022,ht,0.636341529,7.036394107,0.785235931
414,Dundgovi,Erdened,2022,vol,2.841829858,16.10913485,0.837244383
415,Dundgovi,Govi_Ugt,2022,cover,5.481137934,64.69292082,0.901885035
416,Dundgovi,Govi_Ugt,2022,ht,1.199249252,7.897740264,0.846063624
417,Dundgovi,Govi_Ugt,2022,vol,4.784074315,20.65306082,0.868627173
418,Dundgovi,Gurvansai,2022,cover,4.261481944,56.03904646,0.893324661
419,Dundgovi,Gurvansai,2022,ht,0.539978945,7.096039111,0.739833639
420,Dundgovi,Gurvansai,2022,vol,2.365418107,15.97097437,0.834745749
421,Dundgovi,Khuld,2022,cover,1.178248677,53.25090817,0.761732426
422,Dundgovi,Khuld,2022,ht,0.213256699,6.91265554,0.661681841
423,Dundgovi,Khuld,2022,vol,0.716399119,14.73677083,0.728444728
424,Dundgovi,Luus,2022,cover,3.586839043,55.0637927,0.815164404
425,Dundgovi,Luus,2022,ht,0.509320011,7.044078807,0.679049368
426,Dundgovi,Luus,2022,vol,2.11702107,15.56554711,0.766125151
427,Dundgovi,Ulziit,2022,cover,1.088495377,53.2240439,0.835413015
428,Dundgovi,Ulziit,2022,ht,0.194047929,6.940697899,0.649783643
429,Dundgovi,Ulziit,2022,vol,0.652854515,14.78804687,0.765058376
430,Dundgovi,Undurshil,2022,cover,1.893997215,54.34006175,0.863887097
431,Dundgovi,Undurshil,2022,ht,0.266637616,6.861992612,0.67533838
432,Dundgovi,Undurshil,2022,vol,0.933536584,14.9228164,0.759404548
433,Dundgovi,Saikhan_O,2022,cover,1.509466289,53.70810138,0.802299959
434,Dundgovi,Saikhan_O,2022,ht,0.208074286,7.015124606,0.655543782
435,Dundgovi,Saikhan_O,2022,vol,0.807716294,15.08717994,0.719370843
436,Dundgovi,Saintsag,2022,cover,4.606279241,57.83185734,0.847572035
437,Dundgovi,Saintsag,2022,ht,0.668853723,7.107492885,0.719112959
438,Dundgovi,Saintsag,2022,vol,2.784456379,16.51406064,0.777730284
439,Dundgovi,Tsagaan,2022,cover,4.387023082,65.68583342,0.833216167
440,Dundgovi,Tsagaan,2022,ht,1.06583585,7.757381903,0.804282131
441,Dundgovi,Tsagaan,2022,vol,4.152267074,20.52861704,0.814908625
442,Govisümber,Bayantal,2022,cover,3.424165499,69.42307525,0.893731604
443,Govisümber,Bayantal,2022,ht,0.931367328,8.571089944,0.904485791
444,Govisümber,Bayantal,2022,vol,3.72552403,23.89364551,0.906529025
445,Govisümber,Shiveegovi,2022,cover,3.625322604,58.76156692,0.785387821
446,Govisümber,Shiveegovi,2022,ht,0.580969546,7.293074718,0.65563921
447,Govisümber,Shiveegovi,2022,vol,2.1997405,17.17420669,0.708822352
448,Govisümber,SumberG,2022,cover,5.702008214,66.16756265,0.923116325
449,Govisümber,SumberG,2022,ht,1.058496235,8.000459562,0.899972667
450,Govisümber,SumberG,2022,vol,4.594065087,21.40496791,0.917260581
451,Töv,Altanbulag,2022,cover,4.000458491,71.64029859,0.797138988
452,Töv,Altanbulag,2022,ht,1.096251104,8.983531345,0.761216547
453,Töv,Altanbulag,2022,vol,4.544243805,25.87489779,0.76523378
454,Töv,Argalant,2022,cover,4.14283789,71.76972304,0.846121422
455,Töv,Argalant,2022,ht,1.147157033,9.171412492,0.810683303
456,Töv,Argalant,2022,vol,4.738674892,26.50598656,0.821377968
457,Töv,Arkhust,2022,cover,4.158471261,75.34296792,0.875618552
458,Töv,Arkhust,2022,ht,1.262204835,9.835981068,0.89105418
459,Töv,Arkhust,2022,vol,5.570922492,29.81465653,0.891663364
460,Töv,Batsumber,2022,cover,4.395385579,77.18259859,0.812520384
461,Töv,Batsumber,2022,ht,1.352346824,10.83763963,0.731774811
462,Töv,Batsumber,2022,vol,6.00405392,33.56274389,0.747171804
463,Töv,Bayan,2022,cover,3.655894123,71.24622337,0.815278873
464,Töv,Bayan,2022,ht,0.853611684,8.980086847,0.776630868
465,Töv,Bayan,2022,vol,3.645597559,25.69552785,0.794975705
466,Töv,Bay_Unj,2022,cover,4.613824961,71.10537512,0.849493521
467,Töv,Bay_Unj,2022,ht,1.144756707,8.967512674,0.80334459
468,Töv,Bay_Unj,2022,vol,4.854211413,25.66200925,0.813097932
469,Töv,Bayanch,2022,cover,3.595437515,72.60511529,0.784504732
470,Töv,Bayanch,2022,ht,0.887245287,9.480284108,0.706534645
471,Töv,Bayanch,2022,vol,3.845228002,27.56614098,0.730514799
472,Töv,Bayand,2022,cover,4.067674462,75.76074914,0.843154615
473,Töv,Bayand,2022,ht,1.11510139,9.841457061,0.770243456
474,Töv,Bayand,2022,vol,4.956188626,29.9340199,0.787412994
475,Töv,Bayanj,2022,cover,3.576403295,72.67686052,0.87720813
476,Töv,Bayanj,2022,ht,0.764268527,9.209354263,0.850323139
477,Töv,Bayanj,2022,vol,3.44482632,26.87855391,0.861956619
478,Töv,Bayankh,2022,cover,6.682945459,68.19854785,0.930928763
479,Töv,Bayankh,2022,ht,1.407126705,8.496568228,0.871462956
480,Töv,Bayankh,2022,vol,6.040678183,23.50065533,0.887922463
481,Töv,Bayant,2022,cover,4.28368473,68.42598585,0.863734722
482,Töv,Bayant,2022,ht,1.097423066,8.406313461,0.841530707
483,Töv,Bayant,2022,vol,4.338180933,23.14781024,0.851447569
484,Töv,Bayantsogt,2022,cover,4.24953199,69.81564381,0.864153364
485,Töv,Bayantsogt,2022,ht,1.197105596,8.805099204,0.839426656
486,Töv,Bayantsogt,2022,vol,4.758608115,24.78596982,0.851180773
487,Töv,Bornuur,2022,cover,3.982013151,74.13528988,0.812562083
488,Töv,Bornuur,2022,ht,1.014269491,10.01653322,0.738869765
489,Töv,Bornuur,2022,vol,4.500733789,29.71064873,0.76786651
490,Töv,Buren,2022,cover,4.79064579,69.30823229,0.839684154
491,Töv,Buren,2022,ht,1.22245018,8.559991362,0.806289953
492,Töv,Buren,2022,vol,4.99545843,23.90559276,0.809396413
493,Töv,Delger,2022,cover,4.874540422,67.67420177,0.850032743
494,Töv,Delger,2022,ht,1.16829462,8.095317813,0.804562303
495,Töv,Delger,2022,vol,4.734986913,22.09051726,0.812193741
496,Töv,Erdene,2022,cover,5.023357226,75.82972932,0.739783096
497,Töv,Erdene,2022,ht,1.561664768,10.11839328,0.685445119
498,Töv,Erdene,2022,vol,6.678987853,30.83223243,0.689242327
499,Töv,Erdenesant,2022,cover,4.19783997,71.99689962,0.825566175
500,Töv,Erdenesant,2022,ht,1.160364603,9.207143403,0.783592921
501,Töv,Erdenesant,2022,vol,4.851420571,26.66407725,0.792864619
502,Töv,Jargalant,2022,cover,3.959494772,74.69995514,0.84298443
503,Töv,Jargalant,2022,ht,1.079278365,10.20184269,0.76432973
504,Töv,Jargalant,2022,vol,4.75469639,30.5516419,0.780926836
505,Töv,Lun,2022,cover,4.926041568,68.67164828,0.860873738
506,Töv,Lun,2022,ht,1.308179533,8.47013811,0.817264303
507,Töv,Lun,2022,vol,5.181914248,23.46862206,0.821645772
508,Töv,Mungunmor,2022,cover,4.510654959,78.48713573,0.757429673
509,Töv,Mungunmor,2022,ht,1.534998232,10.74600893,0.729668409
510,Töv,Mungunmor,2022,vol,6.474130583,33.737967,0.722416487
511,Töv,Undursh,2022,cover,4.745281033,70.41371464,0.818129084
512,Töv,Undursh,2022,ht,1.349592271,8.780286056,0.793936626
513,Töv,Undursh,2022,vol,5.417137652,24.92735932,0.791313042
514,Töv,Sergelen,2022,cover,3.983291145,72.19255506,0.810038133
515,Töv,Sergelen,2022,ht,0.954267873,9.094077468,0.76934699
516,Töv,Sergelen,2022,vol,4.150437526,26.37315211,0.781147765
517,Töv,Sumber,2022,cover,3.988056521,73.84920992,0.804158465
518,Töv,Sumber,2022,ht,1.103525042,9.93293064,0.735074025
519,Töv,Sumber,2022,vol,4.723438882,29.40394177,0.747110088
520,Töv,Tseel,2022,cover,4.013570518,74.94178948,0.868406433
521,Töv,Tseel,2022,ht,1.109373021,10.18291419,0.819493563
522,Töv,Tseel,2022,vol,4.833044943,30.63026274,0.826441018
523,Töv,Ugtaalts,2022,cover,4.363035947,69.53663027,0.879859986
524,Töv,Ugtaalts,2022,ht,1.283676474,8.703132423,0.849466226
525,Töv,Ugtaalts,2022,vol,5.030603136,24.35229929,0.858556752
526,Töv,Zaamar,2022,cover,5.732222578,70.44883292,0.897677443
527,Töv,Zaamar,2022,ht,1.529949749,9.004401061,0.869846147
528,Töv,Zaamar,2022,vol,6.311364877,25.61717396,0.878175954
529,Dundgovi,Adaatsag,2023,cover,5.544902989,63.56207907,0.856151619
530,Dundgovi,Adaatsag,2023,ht,1.069031083,7.331783777,0.815093153
531,Dundgovi,Adaatsag,2023,vol,4.425138633,18.84004748,0.829378518
532,Dundgovi,Bayanjar,2023,cover,4.801038741,58.88970874,0.827769685
533,Dundgovi,Bayanjar,2023,ht,0.688381605,7.230467366,0.726342758
534,Dundgovi,Bayanjar,2023,vol,2.746101803,17.09972315,0.770160369
535,Dundgovi,Delgerkh,2023,cover,4.197720274,55.70175298,0.895967207
536,Dundgovi,Delgerkh,2023,ht,0.335120185,6.801796228,0.745011416
537,Dundgovi,Delgerkh,2023,vol,1.505208998,15.16175674,0.802132177
538,Dundgovi,Delgert,2023,cover,5.569190057,63.56876959,0.843221384
539,Dundgovi,Delgert,2023,ht,1.047955478,7.280621474,0.784588311
540,Dundgovi,Delgert,2023,vol,4.362385407,18.69261393,0.80693907
541,Dundgovi,Deren,2023,cover,4.68474355,65.9421696,0.827671541
542,Dundgovi,Deren,2023,ht,1.041007164,7.619672213,0.795573457
543,Dundgovi,Deren,2023,vol,4.117624502,20.2432529,0.810894189
544,Dundgovi,Erdened,2023,cover,5.511220902,62.32891821,0.82191994
545,Dundgovi,Erdened,2023,ht,0.910796116,7.102663186,0.750032478
546,Dundgovi,Erdened,2023,vol,3.883874287,17.84829288,0.772596811
547,Dundgovi,Govi_Ugt,2023,cover,6.077161109,64.1995723,0.908027902
548,Dundgovi,Govi_Ugt,2023,ht,1.057522181,7.868613316,0.815305379
549,Dundgovi,Govi_Ugt,2023,vol,4.478125933,20.38435841,0.861575579
550,Dundgovi,Gurvansai,2023,cover,5.193549626,58.5452775,0.867109432
551,Dundgovi,Gurvansai,2023,ht,0.625645971,7.000964443,0.777220564
552,Dundgovi,Gurvansai,2023,vol,2.753450182,16.46750907,0.822852652
553,Dundgovi,Khuld,2023,cover,4.39955804,55.37273116,0.934838645
554,Dundgovi,Khuld,2023,ht,0.356478761,6.902670357,0.721107619
555,Dundgovi,Khuld,2023,vol,1.803596527,15.32456539,0.859521501
556,Dundgovi,Luus,2023,cover,5.149378286,58.37881068,0.818711641
557,Dundgovi,Luus,2023,ht,0.650754634,7.083349976,0.738614399
558,Dundgovi,Luus,2023,vol,2.915677789,16.62817846,0.779833538
559,Dundgovi,Ulziit,2023,cover,2.661157307,54.06166126,0.881833319
560,Dundgovi,Ulziit,2023,ht,0.348190157,6.772611399,0.852317261
561,Dundgovi,Ulziit,2023,vol,1.296266844,14.65558694,0.880751386
562,Dundgovi,Undurshil,2023,cover,3.341257345,55.0806679,0.876872561
563,Dundgovi,Undurshil,2023,ht,0.348247384,6.812999865,0.793637802
564,Dundgovi,Undurshil,2023,vol,1.356490507,15.02821821,0.837011293
565,Dundgovi,Saikhan_O,2023,cover,5.622409883,60.19967687,0.869100741
566,Dundgovi,Saikhan_O,2023,ht,0.645363765,6.814810689,0.74880981
567,Dundgovi,Saikhan_O,2023,vol,3.00734605,16.49945017,0.807269069
568,Dundgovi,Saintsag,2023,cover,5.316489021,59.62138839,0.833748433
569,Dundgovi,Saintsag,2023,ht,0.778958577,7.225793155,0.753473014
570,Dundgovi,Saintsag,2023,vol,3.399759812,17.345056,0.787161177
571,Dundgovi,Tsagaan,2023,cover,5.253466684,67.78861829,0.862892906
572,Dundgovi,Tsagaan,2023,ht,1.159760356,8.289152877,0.784793747
573,Dundgovi,Tsagaan,2023,vol,4.75114672,22.64549929,0.808192166
574,Govisümber,Bayantal,2023,cover,2.885792998,73.19620924,0.787682927
575,Govisümber,Bayantal,2023,ht,0.87509282,9.385690949,0.734889343
576,Govisümber,Bayantal,2023,vol,3.49965941,27.52106755,0.752028877
577,Govisümber,Shiveegovi,2023,cover,4.010479809,58.90174042,0.804010274
578,Govisümber,Shiveegovi,2023,ht,0.632183967,7.514241873,0.654358252
579,Govisümber,Shiveegovi,2023,vol,2.355948494,17.74818157,0.735759374
580,Govisümber,SumberG,2023,cover,7.271169685,69.00655379,0.933521435
581,Govisümber,SumberG,2023,ht,1.424471432,8.699834511,0.883452198
582,Govisümber,SumberG,2023,vol,6.381148209,24.36000572,0.907245965
583,Töv,Altanbulag,2023,cover,4.443467847,73.31850312,0.81716123
584,Töv,Altanbulag,2023,ht,1.276453466,9.510688229,0.770736942
585,Töv,Altanbulag,2023,vol,5.363717252,28.05914741,0.776915071
586,Töv,Argalant,2023,cover,4.80024811,75.10991473,0.841986647
587,Töv,Argalant,2023,ht,1.457835431,9.975277145,0.811294015
588,Töv,Argalant,2023,vol,6.272151121,30.16227221,0.814694131
589,Töv,Arkhust,2023,cover,3.509721123,77.2620649,0.821465916
590,Töv,Arkhust,2023,ht,1.079345198,10.30583217,0.791680127
591,Töv,Arkhust,2023,vol,4.7160039,31.91501681,0.793896824
592,Töv,Batsumber,2023,cover,4.308689869,79.41793765,0.825822524
593,Töv,Batsumber,2023,ht,1.574006948,11.5065335,0.777080918
594,Töv,Batsumber,2023,vol,6.837557371,36.62629162,0.784500367
595,Töv,Bayan,2023,cover,3.494087179,73.14213058,0.782942874
596,Töv,Bayan,2023,ht,0.84549693,9.431196381,0.721215298
597,Töv,Bayan,2023,vol,3.648347364,27.67612955,0.748594273
598,Töv,Bay_Unj,2023,cover,4.266848067,71.61630735,0.832994899
599,Töv,Bay_Unj,2023,ht,1.157509195,9.114346486,0.789648107
600,Töv,Bay_Unj,2023,vol,4.757606977,26.2601635,0.800633835
601,Töv,Bayanch,2023,cover,4.786898569,76.46591337,0.872535803
602,Töv,Bayanch,2023,ht,1.375089803,10.48691564,0.809330453
603,Töv,Bayanch,2023,vol,6.006762866,32.20894838,0.81454475
604,Töv,Bayand,2023,cover,3.382918185,76.63252144,0.800548374
605,Töv,Bayand,2023,ht,0.947389702,10.18460597,0.719633882
606,Töv,Bayand,2023,vol,4.177394591,31.26330264,0.73937312
607,Töv,Bayanj,2023,cover,3.743035203,74.76826429,0.862746916
608,Töv,Bayanj,2023,ht,1.009892558,9.697773011,0.82020692
609,Töv,Bayanj,2023,vol,4.388267233,29.12550285,0.835209738
610,Töv,Bayankh,2023,cover,5.516567752,72.47291646,0.876176485
611,Töv,Bayankh,2023,ht,1.514327061,9.304692184,0.83660956
612,Töv,Bayankh,2023,vol,6.408093312,27.24942988,0.841181593
613,Töv,Bayant,2023,cover,4.452493172,71.64521771,0.838531416
614,Töv,Bayant,2023,ht,1.131857015,9.011565802,0.805625807
615,Töv,Bayant,2023,vol,4.771524741,25.99150096,0.811428822
616,Töv,Bayantsogt,2023,cover,4.843594511,73.50690813,0.854623691
617,Töv,Bayantsogt,2023,ht,1.319440342,9.618157973,0.811841359
618,Töv,Bayantsogt,2023,vol,5.693231201,28.44314886,0.817843919
619,Töv,Bornuur,2023,cover,4.611767083,78.12916371,0.802463296
620,Töv,Bornuur,2023,ht,1.36739998,11.03141327,0.736252555
621,Töv,Bornuur,2023,vol,6.086987613,34.55103216,0.749463347
622,Töv,Buren,2023,cover,5.00905474,71.03335429,0.851664179
623,Töv,Buren,2023,ht,1.401642028,8.975190904,0.827890102
624,Töv,Buren,2023,vol,5.794437583,25.73231483,0.830784859
625,Töv,Delger,2023,cover,5.074225501,69.78361106,0.815645212
626,Töv,Delger,2023,ht,1.253722847,8.658101155,0.785835288
627,Töv,Delger,2023,vol,5.296128173,24.38219408,0.785791688
628,Töv,Erdene,2023,cover,5.0784685,76.42046777,0.719606336
629,Töv,Erdene,2023,ht,1.502482722,10.37221925,0.691786792
630,Töv,Erdene,2023,vol,6.515792163,31.89523924,0.70012499
631,Töv,Erdenesant,2023,cover,4.414929549,74.19535075,0.81907177
632,Töv,Erdenesant,2023,ht,1.226043115,9.874345914,0.764530364
633,Töv,Erdenesant,2023,vol,5.30636373,29.45347162,0.772308515
634,Töv,Jargalant,2023,cover,4.226938497,77.46872876,0.801779451
635,Töv,Jargalant,2023,ht,1.445952387,10.74159694,0.747326098
636,Töv,Jargalant,2023,vol,6.222170588,33.32475564,0.747380574
637,Töv,Lun,2023,cover,5.085516963,72.30787084,0.832725346
638,Töv,Lun,2023,ht,1.48390846,9.302014312,0.788546969
639,Töv,Lun,2023,vol,6.14301403,27.12688246,0.786594696
640,Töv,Mungunmor,2023,cover,5.76239197,78.08627965,0.823915618
641,Töv,Mungunmor,2023,ht,1.679496701,10.75089455,0.779169729
642,Töv,Mungunmor,2023,vol,7.410281098,33.74611199,0.787089691
643,Töv,Undursh,2023,cover,4.683287307,72.21443026,0.81054692
644,Töv,Undursh,2023,ht,1.406929221,9.260428773,0.782269444
645,Töv,Undursh,2023,vol,5.796775862,26.94862999,0.780813487
646,Töv,Sergelen,2023,cover,4.133739385,73.88182703,0.806366004
647,Töv,Sergelen,2023,ht,1.07477013,9.680347749,0.764869932
648,Töv,Sergelen,2023,vol,4.7007672,28.73628055,0.780941619
649,Töv,Sumber,2023,cover,4.371057341,77.39671529,0.823378812
650,Töv,Sumber,2023,ht,1.333869383,10.70974641,0.740260565
651,Töv,Sumber,2023,vol,5.876126444,33.18912982,0.753433186
652,Töv,Tseel,2023,cover,4.313512224,76.94357905,0.833715471
653,Töv,Tseel,2023,ht,1.369313777,10.64708988,0.766710223
654,Töv,Tseel,2023,vol,5.965726884,32.87262151,0.774200181
655,Töv,Ugtaalts,2023,cover,4.433792512,73.1593038,0.822517904
656,Töv,Ugtaalts,2023,ht,1.331798708,9.666930937,0.794639276
657,Töv,Ugtaalts,2023,vol,5.548694181,28.43396871,0.797836826
658,Töv,Zaamar,2023,cover,5.264817222,73.56072727,0.795534118
659,Töv,Zaamar,2023,ht,1.5253873,9.679830189,0.749126228
660,Töv,Zaamar,2023,vol,6.437770242,28.69732659,0.749606816
661,Dundgovi,Adaatsag,2024,cover,5.403555795,66.6859319,0.841344361
662,Dundgovi,Adaatsag,2024,ht,1.241566494,7.865561654,0.814141802
663,Dundgovi,Adaatsag,2024,vol,5.160320836,21.21221123,0.820411057
664,Dundgovi,Bayanjar,2024,cover,4.888261738,64.13566486,0.795953737
665,Dundgovi,Bayanjar,2024,ht,0.967990689,7.270944215,0.763873242
666,Dundgovi,Bayanjar,2024,vol,4.000869708,18.74901173,0.762985432
667,Dundgovi,Delgerkh,2024,cover,4.896145842,59.97103669,0.844535377
668,Dundgovi,Delgerkh,2024,ht,0.423323282,6.589185784,0.682217633
669,Dundgovi,Delgerkh,2024,vol,2.202823677,15.85672913,0.774874238
670,Dundgovi,Delgert,2024,cover,4.75153788,66.03649372,0.829357072
671,Dundgovi,Delgert,2024,ht,1.082415735,7.664664037,0.784182881
672,Dundgovi,Delgert,2024,vol,4.421662051,20.41214587,0.798938688
673,Dundgovi,Deren,2024,cover,4.570067712,65.67477208,0.857693233
674,Dundgovi,Deren,2024,ht,0.877079955,7.784670719,0.823186803
675,Dundgovi,Deren,2024,vol,3.741375754,20.59381577,0.841621398
676,Dundgovi,Erdened,2024,cover,5.315537871,62.89847614,0.82942616
677,Dundgovi,Erdened,2024,ht,0.916611907,7.211851332,0.756879247
678,Dundgovi,Erdened,2024,vol,3.917953404,18.29461525,0.785120835
679,Dundgovi,Govi_Ugt,2024,cover,5.036584176,66.25423541,0.847783059
680,Dundgovi,Govi_Ugt,2024,ht,1.062064458,7.887542471,0.807389776
681,Dundgovi,Govi_Ugt,2024,vol,4.462105836,21.07768109,0.820228044
682,Dundgovi,Gurvansai,2024,cover,4.832859451,60.30260401,0.82855146
683,Dundgovi,Gurvansai,2024,ht,0.657983352,6.896550315,0.799045606
684,Dundgovi,Gurvansai,2024,vol,2.840155663,16.71911039,0.811860195
685,Dundgovi,Khuld,2024,cover,4.535057398,59.4472371,0.875672328
686,Dundgovi,Khuld,2024,ht,0.395648483,6.621633102,0.715400926
687,Dundgovi,Khuld,2024,vol,2.00675854,15.78356838,0.798820455
688,Dundgovi,Luus,2024,cover,4.870318745,61.61046225,0.805167762
689,Dundgovi,Luus,2024,ht,0.691710596,7.021843726,0.731267844
690,Dundgovi,Luus,2024,vol,3.019163877,17.3841682,0.752464893
691,Dundgovi,Ulziit,2024,cover,4.031173569,56.8563443,0.850389312
692,Dundgovi,Ulziit,2024,ht,0.354563454,6.560940432,0.761144493
693,Dundgovi,Ulziit,2024,vol,1.678646158,14.94237364,0.8008773
694,Dundgovi,Undurshil,2024,cover,4.812142809,59.15407451,0.879592111
695,Dundgovi,Undurshil,2024,ht,0.457219742,6.794701727,0.802429696
696,Dundgovi,Undurshil,2024,vol,2.315840535,16.13185687,0.848069454
697,Dundgovi,Saikhan_O,2024,cover,4.67576287,59.36130003,0.834769218
698,Dundgovi,Saikhan_O,2024,ht,0.593641126,6.80300349,0.733989353
699,Dundgovi,Saikhan_O,2024,vol,2.656314625,16.22911286,0.778941549
700,Dundgovi,Saintsag,2024,cover,4.830315946,61.45776007,0.809509515
701,Dundgovi,Saintsag,2024,ht,0.764382655,7.168799856,0.745465661
702,Dundgovi,Saintsag,2024,vol,3.25680332,17.72325378,0.774927481
703,Dundgovi,Tsagaan,2024,cover,4.136301884,67.9332394,0.794651836
704,Dundgovi,Tsagaan,2024,ht,0.936957874,8.24922347,0.772401508
705,Dundgovi,Tsagaan,2024,vol,4.027372859,22.56879444,0.780124262
706,Govisümber,Bayantal,2024,cover,3.751254225,72.10324724,0.839217647
707,Govisümber,Bayantal,2024,ht,0.878972077,9.01233794,0.826037616
708,Govisümber,Bayantal,2024,vol,3.859276639,26.11737131,0.831121714
709,Govisümber,Shiveegovi,2024,cover,4.318647415,65.36485078,0.769832615
710,Govisümber,Shiveegovi,2024,ht,0.851641051,7.650963702,0.734770096
711,Govisümber,Shiveegovi,2024,vol,3.591150734,20.09510933,0.739014043
712,Govisümber,SumberG,2024,cover,5.757473166,70.49824121,0.910522576
713,Govisümber,SumberG,2024,ht,1.274269595,8.835798874,0.889374478
714,Govisümber,SumberG,2024,vol,5.606652605,25.15758786,0.897149175
715,Töv,Altanbulag,2024,cover,4.39742596,73.97190536,0.834344035
716,Töv,Altanbulag,2024,ht,1.064735048,9.561640503,0.808669383
717,Töv,Altanbulag,2024,vol,4.724491666,28.48466843,0.817811695
718,Töv,Argalant,2024,cover,4.55859631,75.42246151,0.881288538
719,Töv,Argalant,2024,ht,1.236766276,9.983429484,0.879354529
720,Töv,Argalant,2024,vol,5.444982305,30.30610587,0.880815142
721,Töv,Arkhust,2024,cover,3.566569866,78.25368375,0.842078915
722,Töv,Arkhust,2024,ht,1.102175634,10.72098463,0.817296516
723,Töv,Arkhust,2024,vol,4.941133694,33.66894725,0.827122832
724,Töv,Batsumber,2024,cover,4.622247323,77.8267216,0.836490283
725,Töv,Batsumber,2024,ht,1.411965903,10.87590681,0.765501301
726,Töv,Batsumber,2024,vol,6.240126768,33.93333244,0.768621563
727,Töv,Bayan,2024,cover,3.945150647,74.47894259,0.822851372
728,Töv,Bayan,2024,ht,0.933982422,9.643608783,0.784953225
729,Töv,Bayan,2024,vol,4.226227534,28.85848458,0.80133408
730,Töv,Bay_Unj,2024,cover,4.151685664,70.87578197,0.857519194
731,Töv,Bay_Unj,2024,ht,0.98720542,8.806231091,0.832664493
732,Töv,Bay_Unj,2024,vol,4.236585667,25.12351009,0.842890528
733,Töv,Bayanch,2024,cover,4.207695899,77.46689233,0.863020679
734,Töv,Bayanch,2024,ht,1.119408543,10.55636218,0.844586169
735,Töv,Bayanch,2024,vol,5.107969438,32.8367482,0.856043289
736,Töv,Bayand,2024,cover,3.591402049,76.82129763,0.860002802
737,Töv,Bayand,2024,ht,0.933430871,10.34171675,0.824630828
738,Töv,Bayand,2024,vol,4.239315432,31.87942701,0.839263055
739,Töv,Bayanj,2024,cover,3.401654826,76.0930074,0.854544887
740,Töv,Bayanj,2024,ht,0.828447784,9.875510131,0.816713861
741,Töv,Bayanj,2024,vol,3.742482056,30.15517317,0.830325566
742,Töv,Bayankh,2024,cover,5.578498942,72.38248613,0.911427272
743,Töv,Bayankh,2024,ht,1.374743746,9.239140813,0.901378964
744,Töv,Bayankh,2024,vol,5.977191506,27.02805211,0.90527827
745,Töv,Bayant,2024,cover,4.388948826,70.52139246,0.861800159
746,Töv,Bayant,2024,ht,1.023992022,8.750680624,0.840872288
747,Töv,Bayant,2024,vol,4.436749633,24.84680932,0.846828212
748,Töv,Bayantsogt,2024,cover,5.135143127,74.09082874,0.893941497
749,Töv,Bayantsogt,2024,ht,1.391431542,9.68064304,0.885407478
750,Töv,Bayantsogt,2024,vol,6.077682711,28.92162148,0.889503539
751,Töv,Bornuur,2024,cover,4.829748539,78.41007144,0.836279424
752,Töv,Bornuur,2024,ht,1.290244413,11.06174244,0.784663591
753,Töv,Bornuur,2024,vol,5.821983097,34.86007125,0.801201476
754,Töv,Buren,2024,cover,4.011374986,69.01939346,0.835981925
755,Töv,Buren,2024,ht,1.012952664,8.33953998,0.823781797
756,Töv,Buren,2024,vol,4.169088815,23.16996475,0.831031587
757,Töv,Delger,2024,cover,4.981320214,67.48261009,0.879744154
758,Töv,Delger,2024,ht,1.224122478,8.042494003,0.828849668
759,Töv,Delger,2024,vol,4.850739097,21.90968389,0.8491519
760,Töv,Erdene,2024,cover,4.16295061,77.39579788,0.732639131
761,Töv,Erdene,2024,ht,1.106458893,10.52429234,0.666790361
762,Töv,Erdene,2024,vol,4.961690374,32.70206221,0.692877475
763,Töv,Erdenesant,2024,cover,4.256838596,71.71433734,0.885281322
764,Töv,Erdenesant,2024,ht,1.124398687,9.119248117,0.865492609
765,Töv,Erdenesant,2024,vol,4.721298345,26.32772747,0.872029698
766,Töv,Jargalant,2024,cover,4.138305937,77.21706536,0.87805245
767,Töv,Jargalant,2024,ht,1.280307711,10.63782552,0.854588605
768,Töv,Jargalant,2024,vol,5.623627462,32.99222068,0.853797676
769,Töv,Lun,2024,cover,4.91228081,71.61672586,0.901667449
770,Töv,Lun,2024,ht,1.156507769,9.047080845,0.879942498
771,Töv,Lun,2024,vol,4.987091784,26.16408986,0.887303458
772,Töv,Mungunmor,2024,cover,4.812888257,78.78396098,0.730070519
773,Töv,Mungunmor,2024,ht,1.445849777,11.03798634,0.698872326
774,Töv,Mungunmor,2024,vol,6.340655458,34.91892373,0.69979755
775,Töv,Undursh,2024,cover,4.840217803,69.67828008,0.917873647
776,Töv,Undursh,2024,ht,1.176050986,8.587033894,0.886461403
777,Töv,Undursh,2024,vol,4.909541217,24.19970287,0.895299678
778,Töv,Sergelen,2024,cover,3.955938563,76.37008207,0.807579907
779,Töv,Sergelen,2024,ht,1.008673783,10.16738836,0.773244569
780,Töv,Sergelen,2024,vol,4.570963003,31.18521943,0.787899656
781,Töv,Sumber,2024,cover,4.490388821,75.73314676,0.906911868
782,Töv,Sumber,2024,ht,1.328761994,10.27555995,0.91063993
783,Töv,Sumber,2024,vol,5.832086993,31.32780479,0.906554082
784,Töv,Tseel,2024,cover,4.280163,76.94218526,0.889894384
785,Töv,Tseel,2024,ht,1.21832757,10.50708652,0.867487915
786,Töv,Tseel,2024,vol,5.373914762,32.48342885,0.867524444
787,Töv,Ugtaalts,2024,cover,4.480880758,74.03126407,0.854111746
788,Töv,Ugtaalts,2024,ht,1.189662082,9.657831758,0.846761558
789,Töv,Ugtaalts,2024,vol,5.218694805,28.76663873,0.85070492
790,Töv,Zaamar,2024,cover,5.428805834,73.0057212,0.879046086
791,Töv,Zaamar,2024,ht,1.317346011,9.460214001,0.874420839
792,Töv,Zaamar,2024,vol,5.732052946,27.89572842,0.876326043
